tic_id,period,depth_ppm,duration_hrs,power,snr,n_transits,verdict
141914082,2.6596159615961597,2343.312000658238,7.92,1231915.8524643308,1468.234834213299,947,GOOD
231670397,1.0045004500450045,1175.7059858254868,7.92,35020.21130653711,217.7306596073277,2570,GOOD
307210830,0.9985998599859987,130.61465943365945,7.3919999999999995,2402.0996999428594,57.67339053848687,2568,GOOD
