toi,tic_id,catalog_period,bls_period,period_err,depth_ppm,depth_err_ppm,duration_hrs,duration_err_hrs,power,snr,n_transits,verdict,tmag,period_diff_pct,period_sigma,depth_diff_pct,depth_sigma,duration_diff_pct,duration_sigma
1457.01,176860064,6.3768174,6.950660813993399,0.0030611784698471034,1716.2411811498905,175.20692277641743,7.92,0.792,53384.86350123748,319.6602298968035,265,GOOD,7.1145,8.99889988998899,187.4546462147923,,,,
4391.01,66620917,5.2910096,4.670312104170416,0.0034924155775577503,788.4874168998738,77.51622959120681,7.92,0.792,19682.83307105916,191.67087294699695,315,GOOD,7.301,-11.73117311731174,177.71205853575884,,,,
